"DIST","ESTIMATE_1","ESTIMATE_2"
"NegativeBinomial",2.12475676654507,5.82140079177208
"Poisson",5.82080000012593,NA
